Comment,Designator,Footprint,MPN,Qty,Mount,Note
100n,"C1,C5,C11,C12,C14,C15,C16,C17,C18",0805,CL21B104KBCNNNC,9,SMD,"U1 decoupling; U5 decoupling; U6 input, high frequency; U6 bootstrap; U7 decoupling; U8 decoupling; U9 decoupling; U10 decoupling; U4 decoupling"
22u,"C13,C19",1206,CL31A226KAHNNNE,2,SMD,U6 output
100n,"C20,C23,C24,C25,C26,C27,C28,C31,C32",0402,CL05B104KO5NNNC,9,SMD,"U3 decoupling; U2 IOVDD (pin 1); U2 IOVDD (pin 10); U2 IOVDD (pin 22); U2 IOVDD (pin 33); U2 IOVDD and ADC_AVDD (pins 42, 43); U2 USB_VDD and IOVDD (pins 48, 49); U2 DVDD (pin 23); U2 DVDD (pin 50)"
15p,"C21,C22",0402,CL05C150JB5NNNC,2,SMD,crystal load
1u,"C29,C30",0402,CL05A105KA5NQNC,2,SMD,U2 VREG_VIN (pin 44); U2 VREG_VOUT (pin 45): the 1.1 V core supply
10u,C34,0805,CL21A106KAYNNNE,1,SMD,"U11 output, the 3.3 V bulk"
1u,"C6,C33",0805,CL21B105KAFNNNE,2,SMD,U5 decoupling; U11 input
100u 35V,C7,CP,EEE-FK1V101P,1,SMD,"12 V bulk: the PWM's current steps, and damping for the feed wire"
10u,"C8,C9,C10",1210,CL32B106KBJNNNE,3,SMD,"12 V bypass, zone side; 12 V bypass, pixel side; U6 input (50 V)"
SMCJ18A,D1,SMC,SMCJ18A,1,SMD,1500 W surge clamp on the 12 V input (18 V stand-off)
SS14,D2,SMA,SS14,1,SMD,reverse polarity protection for the logic supply
BAT54S,"D3,D4,D5,D6",SOT-23,"BAT54S,215",4,SMD,clamps J7's data line between GND and 5 V; clamps J8's data line between GND and 5 V; clamps J9's data line between GND and 5 V; clamps J10's data line between GND and 5 V
green,D7,LED,LTST-C171GKT,1,SMD,lit when the board has 12 V
yellow,D8,LED,LTST-C171YKT,1,SMD,the RP2040's status: blinks while its firmware runs
USB,J11,USB_C_Receptacle_GCT_USB4105-xx-A_16P_TopMnt_Horizontal,GCT USB4105-GF-A,1,SMD,firmware loading only (VBUS unused: the board must have its 12 V)
6.8u,L1,L,SRN6045TA-6R8M,1,SMD,U6's inductor
BUK9M7R2-40E,"Q1,Q2,Q3,Q4,Q5,Q6,Q7,Q8,Q9,Q10,Q11,Q12,Q13,Q14,Q15,Q16",LFPAK33,BUK9M7R2-40EX,16,SMD,zone 1 R: PCA9685 output 0; zone 1 G: PCA9685 output 1; zone 1 B: PCA9685 output 2; zone 1 W: PCA9685 output 3; zone 2 R: PCA9685 output 4; zone 2 G: PCA9685 output 5; zone 2 B: PCA9685 output 6; zone 2 W: PCA9685 output 7; zone 3 R: PCA9685 output 8; zone 3 G: PCA9685 output 9; zone 3 B: PCA9685 output 10; zone 3 W: PCA9685 output 11; zone 4 R: PCA9685 output 12; zone 4 G: PCA9685 output 13; zone 4 B: PCA9685 output 14; zone 4 W: PCA9685 output 15
BSS138,"Q17,Q18",SOT-23,BSS138,2,SMD,"SDA level shift, 3.3 V to 5 V; SCL level shift, 3.3 V to 5 V"
100,"R1,R2,R3,R4,R5,R6,R7,R8,R9,R10,R11,R12,R13,R14,R15,R16",0805,RC0805FR-07100RL,16,SMD,gate resistor
47k,"R17,R18,R19,R20,R21,R22,R23,R24,R25,R26,R27,R28,R29,R30,R31,R32",0805,RC0805FR-0747KL,16,SMD,gate pull-down
620,"R33,R35,R36,R38",0805,RC0805FR-07620RL,4,SMD,link SCL pair: bias (pull-up); link SCL pair: bias (pull-down); link SDA pair: bias (pull-up); link SDA pair: bias (pull-down)
120,"R34,R37",0805,RC0805FR-07120RL,2,SMD,link SCL pair: termination; link SDA pair: termination
4.7k,"R39,R40",0805,RC0805FR-074K7L,2,SMD,"I2C pull-up, 5 V side"
10k,"R41,R42,R49",0805,RC0805FR-0710KL,3,SMD,"I2C pull-up, RP2040 side; RUN pull-up"
330,"R43,R44,R45,R46",1206,RC1206FR-07330RL,4,SMD,J7 data series resistor; J8 data series resistor; J9 data series resistor; J10 data series resistor
1m,R47,2512 (4-terminal),WSK25121L000FEA,1,SMD,"1 mOhm, 1 W, four-terminal: 20 A makes 20 mV and 0.4 W"
1k,R48,0402,RC0402FR-071KL,1,SMD,limits the crystal's drive
1k,"R50,R55",0805,RC0805FR-071KL,2,SMD,BOOTSEL button to the flash's chip select; status LED
27,"R51,R52",0402,RC0402FR-0727RL,2,SMD,USB series resistor
5.1k,"R53,R54",0805,RC0805FR-075K1L,2,SMD,USB-C: identifies the board as a device
2.2k,R56,0805,RC0805FR-072K2L,1,SMD,power LED
BOOTSEL,SW1,SW,KMR221GLFS,1,SMD,"held during reset: U2 starts as a USB drive, to load firmware"
RESET,SW2,SW,KMR221GLFS,1,SMD,resets U2
PCA9615DP,U1,TSSOP-10,"PCA9615DP,118",1,SMD,"differential I2C from the RJ45, back to plain I2C"
AP2112K-3.3,U11,SOT-23-5,AP2112K-3.3TRG1,1,SMD,3.3 V for the RP2040 and its flash
RP2040,U2,QFN-56-1EP,RP2040,1,SMD,runs the addressable outputs; I2C target at 0x30
W25Q16JV,U3,SOIC-8,W25Q16JVSSIQ,1,SMD,U2's program (2 MB QSPI flash)
INA226,U4,TSSOP-10,INA226AIDGSR,1,SMD,"the board's current and voltage, I2C address 0x45"
PCA9685PW,U5,TSSOP-28,"PCA9685PW,118",1,SMD,"16 PWM channels, I2C address 0x40"
AP63205,U6,TSOT-23-6,AP63205WU-7,1,SMD,"5 V for the logic, 2 A buck (about 100 mA used)"
74AHCT1G125,"U7,U8,U9,U10",SOT-23-5,SN74AHCT1G125DBVR,4,SMD,pixel output 1: 3.3 V data to 5 V; pixel output 2: 3.3 V data to 5 V; pixel output 3: 3.3 V data to 5 V; pixel output 4: 3.3 V data to 5 V
12MHz,Y1,3225-4Pin,ABM8-272-T3,1,SMD,"U2's clock: the crystal Raspberry Pi specify, with its 15 pF loads and 1k in XOUT"
ATO,"F1,F2,F3,F4,F5,F6,F7,F8",FuseHolder_Blade_ATO_Littelfuse_FLR_178.6165,"Littelfuse 178.6165.0002 (ATO/ATC holder, 30 A)",8,THT (hand solder),zone 1's fuse: a standard blade (ATO/ATC) fuse sized for the strip's wire -- 10 A for 5 m of RGBW on 16 AWG; zone 2's fuse: a standard blade (ATO/ATC) fuse sized for the strip's wire -- 10 A for 5 m of RGBW on 16 AWG; zone 3's fuse: a standard blade (ATO/ATC) fuse sized for the strip's wire -- 10 A for 5 m of RGBW on 16 AWG; zone 4's fuse: a standard blade (ATO/ATC) fuse sized for the strip's wire -- 10 A for 5 m of RGBW on 16 AWG; J7's fuse: a standard blade (ATO/ATC) fuse -- 10 A for 5 m of WS2815 on 16 AWG; J8's fuse: a standard blade (ATO/ATC) fuse -- 10 A for 5 m of WS2815 on 16 AWG; J9's fuse: a standard blade (ATO/ATC) fuse -- 10 A for 5 m of WS2815 on 16 AWG; J10's fuse: a standard blade (ATO/ATC) fuse -- 10 A for 5 m of WS2815 on 16 AWG
LINK,J1,RJ45_Amphenol_54602-x08_Horizontal,Amphenol 54602-908LF,1,THT (hand solder),to the sensor board's J6: a straight-through Cat5e/Cat6 patch cable. NOT Ethernet: never plug either end into a network switch or a PoE injector
PIXEL 4,J10,"PhoenixContact_MSTB_2,5_4-GF-5,08_1x04_P5.08mm_Horizontal_ThreadedFlange","Phoenix Contact 1776524 (MSTB 2,5/ 4-GF-5,08); plug 1778001 (MSTB 2,5/ 4-STF-5,08)",1,THT (hand solder),"12 V addressable strip (WS2815...): 1 +12V, 2 DATA, 3 BI (ground), 4 GND; 12 A per pin"
12V IN,J2,TerminalBlock_MetzConnect_Type703_RT10N02HGLU_1x02_P9.52mm_Horizontal,METZ CONNECT RT10N02HGLU,1,THT (hand solder),"the strips' 12 V, 20 A (the terminal is rated 24 A, 10 AWG), from its own 25 A fuse"
ZONE 1,J3,"PhoenixContact_MSTB_2,5_5-GF-5,08_1x05_P5.08mm_Horizontal_ThreadedFlange","Phoenix Contact 1776537 (MSTB 2,5/ 5-GF-5,08); plug 1778014 (MSTB 2,5/ 5-STF-5,08)",1,THT (hand solder),"RGBW strip, common anode: 1 +12V, 2 R, 3 G, 4 B, 5 W (PCA9685 outputs 0-3); 12 A per pin"
ZONE 2,J4,"PhoenixContact_MSTB_2,5_5-GF-5,08_1x05_P5.08mm_Horizontal_ThreadedFlange","Phoenix Contact 1776537 (MSTB 2,5/ 5-GF-5,08); plug 1778014 (MSTB 2,5/ 5-STF-5,08)",1,THT (hand solder),"RGBW strip, common anode: 1 +12V, 2 R, 3 G, 4 B, 5 W (PCA9685 outputs 4-7); 12 A per pin"
ZONE 3,J5,"PhoenixContact_MSTB_2,5_5-GF-5,08_1x05_P5.08mm_Horizontal_ThreadedFlange","Phoenix Contact 1776537 (MSTB 2,5/ 5-GF-5,08); plug 1778014 (MSTB 2,5/ 5-STF-5,08)",1,THT (hand solder),"RGBW strip, common anode: 1 +12V, 2 R, 3 G, 4 B, 5 W (PCA9685 outputs 8-11); 12 A per pin"
ZONE 4,J6,"PhoenixContact_MSTB_2,5_5-GF-5,08_1x05_P5.08mm_Horizontal_ThreadedFlange","Phoenix Contact 1776537 (MSTB 2,5/ 5-GF-5,08); plug 1778014 (MSTB 2,5/ 5-STF-5,08)",1,THT (hand solder),"RGBW strip, common anode: 1 +12V, 2 R, 3 G, 4 B, 5 W (PCA9685 outputs 12-15); 12 A per pin"
PIXEL 1,J7,"PhoenixContact_MSTB_2,5_4-GF-5,08_1x04_P5.08mm_Horizontal_ThreadedFlange","Phoenix Contact 1776524 (MSTB 2,5/ 4-GF-5,08); plug 1778001 (MSTB 2,5/ 4-STF-5,08)",1,THT (hand solder),"12 V addressable strip (WS2815...): 1 +12V, 2 DATA, 3 BI (ground), 4 GND; 12 A per pin"
PIXEL 2,J8,"PhoenixContact_MSTB_2,5_4-GF-5,08_1x04_P5.08mm_Horizontal_ThreadedFlange","Phoenix Contact 1776524 (MSTB 2,5/ 4-GF-5,08); plug 1778001 (MSTB 2,5/ 4-STF-5,08)",1,THT (hand solder),"12 V addressable strip (WS2815...): 1 +12V, 2 DATA, 3 BI (ground), 4 GND; 12 A per pin"
PIXEL 3,J9,"PhoenixContact_MSTB_2,5_4-GF-5,08_1x04_P5.08mm_Horizontal_ThreadedFlange","Phoenix Contact 1776524 (MSTB 2,5/ 4-GF-5,08); plug 1778001 (MSTB 2,5/ 4-STF-5,08)",1,THT (hand solder),"12 V addressable strip (WS2815...): 1 +12V, 2 DATA, 3 BI (ground), 4 GND; 12 A per pin"
